Malignant Glioma,Cancers
Medullary Thyroid Cancer,Endocrine Disorders
Melanoma,Cancers
M??n??trier�??s Disease,Digestive Disorders
M??ni??re's disease,Autoimmune
Meningioma,Cancers
Menopause,Endocrine Disorders
Metabolic Syndrome,Endocrine Disorders
Microscopic Colitis,Digestive Disorders
Microscopic colitis,Autoimmune
Microscopic polyangiitis,Autoimmune
Mitral Valve Prolapse,Heart
Mixed connective tissue disease,Autoimmune
Mood Disorders,Mental
Mooren's ulcer,Autoimmune
Morphea,Autoimmune
Mucha-Habermann disease,Autoimmune
Multiple Myeloma,Cancers
Multiple sclerosis,Autoimmune
Myasthenia gravis,Autoimmune
Myelodysplastic Syndrome (MDS),Cancers
Myocarditis,Autoimmune
Myositis,Autoimmune
Nasopharyngeal Cancer,Cancers
Neuroendocrine Tumor,Cancers
Neuromyelitis optica,Autoimmune
Neuromyotonia,Autoimmune
Obesity,Endocrine Disorders
OCD,Mental
Opsoclonus myoclonus syndrome,Autoimmune
Optic neuritis,Autoimmune
Oral Cancer,Cancers
Ord's thyroiditis,Autoimmune
Osteoarthritis,Joints
Osteomalacia,Joints
Osteoporosis,Endocrine Disorders
Osteoporosis,Joints
Osteosarcoma,Cancers
Ovarian Cancer,Cancers
Pagets Disease,Joints
Palindromic rheumatism,Autoimmune
Pancreatic Cancer,Cancers
Pancreatic Neuroendocrine Tumors,Cancers
Pancreatitis,Digestive Disorders
Panic Attacks,Mental
Papillary Thyroid Cancer,Endocrine Disorders
Paraneoplastic cerebellar degeneration,Autoimmune
Parathyroid Cancer,Cancers
Parathyroid Diseases,Endocrine Disorders
Parry Romberg syndrome,Autoimmune
Parsonage-Turner syndrome,Autoimmune
Pediatric Autoimmune Neuropsychiatric Disorder Associated with Streptococcus,Autoimmune
Pemphigus vulgaris,Autoimmune
Penile Cancer,Cancers
Peptic Ulcers (Stomach Ulcers),Digestive Disorders
Peritoneal Cancer,Cancers
Pernicious anemia,Autoimmune
Personality disorders,Mental
Peutz-Jeghers Syndrome,Cancers
Pheochromocytoma,Endocrine Disorders
Pituitary Disorders,Endocrine Disorders
Pituitary Gland Tumor,Cancers
Pituitary Tumors,Endocrine Disorders
Pityriasis lichenoides et varioliformis acuta,Autoimmune
POEMS syndrome,Autoimmune
Polyarteritis nodosa,Autoimmune
Polycystic Ovary Syndrome,Endocrine Disorders
Polycythemia Vera,Cancers
Polymyalgia rheumatica,Autoimmune
Polymyalgia rheumatica (PMR),Joints
Polymyositis,Autoimmune
Postmyocardial infarction syndrome,Autoimmune
Postpericardiotomy Syndrome,Heart
Postpericardiotomy syndrome,Autoimmune
Prediabetes,Endocrine Disorders
Primary biliary cirrhosis,Autoimmune
Primary immunodeficiency,Autoimmune
Primary sclerosing cholangitis,Autoimmune
Proctitis,Digestive Disorders
Progressive inflammatory neuropathy,Autoimmune
Prostate Cancer,Cancers
Psoriasis,Autoimmune
Psoriatic Arthritis,Joints
Psoriatic arthritis,Autoimmune
PTSD,Mental
Pure red cell aplasia,Autoimmune
Pyoderma gangrenosum,Autoimmune
Raynaud's phenomenon,Joints
Raynaud�??s phenomenon,Autoimmune
Reactive arthritis,Joints
Reactive arthritis,Autoimmune
Relapsing polychondritis,Autoimmune
Renal Cell Carcinoma,Cancers
Repetitive strain injury,Joints
Restless leg syndrome,Autoimmune
Retinoblastoma,Cancers
Retroperitoneal fibrosis,Autoimmune
Rhematoid arthritis,Joints
Rheumatic fever,Autoimmune
Rheumatoid arthritis,Autoimmune
Rheumatoid vasculitis,Autoimmune
Vaginal Cancer,Cancers
Vascular disease,Heart
Vasculitis,Autoimmune
Viral Gastroenteritis,Digestive Disorders
Vitiligo,Autoimmune
Whipple Disease,Digestive Disorders
Wilms' Tumor ,Cancers
Zollinger-Ellison Syndrome,Digestive Disorders
